<?xml version="1.0"  encoding="UTF-8"?>

<root>
	<!-- 
		WebSocketNode에 각각 Embed 되어 있는 AradonConfig.	
	 -->

	<section name="">
		<path name="default">
			<urls>/</urls>
			<description>Default</description>
			<handler class="net.ion.radon.impl.let.HelloWorldLet" scope="request" />
		</path>

		
		<path name="monitor">
			<urls>/monitor, /monitor/{userId}</urls>
			<description>Default</description>
			<handler class="net.ion.websocket.aradon.embed.SampleMonitorLet" scope="request" />
		</path>
		
	</section>
	
	<context>
		<attribute id="let.contact.email">bleujin@i-on.net</attribute>
		<attribute id="let.contact.help.doc">/help/doc</attribute>
	</context>

	<plugin includepath="plugin/;lib/;">
		
	</plugin>
	
</root>