<?xml version="1.0"  encoding="UTF-8"?>


<root>


	<server id="chatserver0" name="Server" uripath="/{userId}/{sessionId}/{params}" />

	<aradon config="resource/config/embed-aradon-config.xml"/>

	<engine id="netty0" name="Netty" port="8787" class="net.ion.websocket.server.engine.netty.NettyEngine">
		<domain>localhost</domain>
		<max-frame-size>16384</max-frame-size>
	</engine>


	<context>
		<attribute id="my.server.dev">bleujin@i-on.net</attribute>

	</context>

	<filters>
	</filters>


	<plugins>
		
		<plugin name="broad">
			<description />
			<configured-object>
				<class-name>net.ion.websocket.common.plugin.AllBroadCastPlugIn</class-name>
			</configured-object>
		</plugin>

		<plugin name="log">
			<description />
			<configured-object>
				<class-name>net.ion.websocket.common.plugin.LogPlugIn</class-name>
			</configured-object>
		</plugin>
	</plugins>


	<listeners>
		<listener name="debug">
				<description />
				<configured-object>
					<class-name>net.ion.websocket.common.listener.ChannelListener</class-name>
					<constructor>
					<constructor-param>
						<description>async listener</description>
						<type>net.ion.websocket.common.api.WebSocketServerListener</type>
						<value><configured-object>
								<class-name>net.ion.websocket.common.listener.DebugListener</class-name>
							   </configured-object>	
						</value>
					</constructor-param>
					<!-- 
					<constructor-param>
						<description>async listener</description>
						<type>net.ion.websocket.common.api.WebSocketServerListener</type>
						<value><configured-object>
								<class-name>net.ion.websocket.common.listener.DebugListener</class-name>
							   </configured-object>	
						</value>
					</constructor-param>
				 	-->
					<constructor-param>
						<description>maxium queue size</description>
						<type>int</type>
						<value>2000</value>
					</constructor-param>
				</constructor>
				</configured-object>
		</listener>
	</listeners>

</root>